ratio,tp_size,profit,hit_rate,duration
0.1660927428429826,0.1660927428429826,0.0008246738259133898,2.977,14.428886164466139
0.1660927428429826,0.20270175377286037,0.0009646907232230561,2.8535000000000004,14.948276975103195
0.1660927428429826,0.24738982830203593,0.0011784000748101,2.856,14.992012159308757
0.1660927428429826,0.30194476813729665,0.0014375080167599442,2.8545,14.743843510074278
0.1660927428429826,0.36855237846453726,0.001604632687897612,2.6105,16.34442669360151
0.1660927428429826,0.44988623776855974,0.001953498172295743,2.6035000000000004,16.46141628313481
0.1660927428429826,0.5492182837010473,0.002181007209489386,2.381,17.874623372677846
0.1660927428429826,0.6705553170825551,0.002451477318774815,2.192,19.35732408621355
0.1660927428429826,0.8188079075715171,0.0028473496861697737,2.085,20.77918691585398
0.1660927428429826,1.0000000000000009,0.0029036982995034708,1.741,24.433083146548245
0.1660927428429826,1.2215299319606077,0.002930668514983825,1.4385,30.297809609408546
0.1660927428429826,1.4924968137923766,0.003385361416371992,1.36,32.46162955793462
0.1660927428429826,1.8241106301397636,0.0036249159407613137,1.1915,36.32419368354017
0.1660927428429826,2.2302104956207325,0.0036005921620397836,0.968,43.3037243218749
0.1660927428429826,2.727923977002522,0.0038194926852260745,0.8394999999999999,50.833635080245685
0.1660927428429826,3.3385123976689135,0.0040535645364750275,0.728,59.22650790468553
0.1660927428429826,4.0884642722309295,0.004104964610237893,0.602,69.81081979671322
0.1660927428429826,5.010924118203741,0.004237195521752565,0.507,82.92513020833334
0.1660927428429826,6.147580998958779,0.0043780917004010884,0.427,98.00584140290022
0.1660927428429826,7.551196869063537,0.004483513792543276,0.356,115.75148456057008
0.1660927428429826,9.28903982013387,0.004446368374632976,0.287,141.03797820284697
0.1660927428429826,11.44761932505236,0.004448604729943397,0.233,169.31764228528516
0.1660927428429826,14.139329286890723,0.0043862610175773795,0.186,nan
0.1660927428429826,17.511941266179853,0.004147394577103172,0.142,nan
0.1660927428429826,21.762444753190646,0.0039925750261438474,0.11,nan
0.1660927428429826,27.157666449487493,0.002989434929694778,0.066,nan
0.1660927428429826,34.06571830144334,0.0019317422873698783,0.034,nan
0.20270175377286037,0.1660927428429826,0.0008588859864947764,2.541,13.550904977375566
0.20270175377286037,0.20270175377286037,0.0010143696105732942,2.459,14.232395875184144
0.20270175377286037,0.24738982830203593,0.0012072889140016018,2.398,14.650576068437168
0.20270175377286037,0.30194476813729665,0.0014298948005426043,2.327,15.312617485920896
0.20270175377286037,0.36855237846453726,0.0016849454143265132,2.2465,15.584013131325014
0.20270175377286037,0.44988623776855974,0.0019679785128520894,2.1494999999999997,16.71218298056539
0.20270175377286037,0.5492182837010473,0.00226781293704123,2.029,17.330259489037232
0.20270175377286037,0.6705553170825551,0.0025627744953173517,1.878,19.254820210051623
0.20270175377286037,0.8188079075715171,0.00282776988645117,1.697,21.125865504432824
0.20270175377286037,1.0000000000000009,0.003007839295653107,1.478,24.05684503681274
0.20270175377286037,1.2215299319606077,0.003030316661078595,1.219,29.136879349806158
0.20270175377286037,1.4924968137923766,0.0033501875462607104,1.103,31.767337144089733
0.20270175377286037,1.8241106301397636,0.0036193950217382684,0.975,37.31802462079419
0.20270175377286037,2.2302104956207325,0.0036853783425172698,0.812,42.55873070894336
0.20270175377286037,2.727923977002522,0.003955463000796706,0.7124999999999999,50.525856973995275
0.20270175377286037,3.3385123976689135,0.004035707046392304,0.594,59.327725967763115
0.20270175377286037,4.0884642722309295,0.004210085527352042,0.506,68.7437198484754
0.20270175377286037,5.010924118203741,0.004303387676896844,0.422,81.66071428571428
0.20270175377286037,6.147580998958779,0.004453838369329299,0.356,95.77323494104316
0.20270175377286037,7.551196869063537,0.004548704232007202,0.296,117.39802692005811
0.20270175377286037,9.28903982013387,0.004499124140455093,0.238,134.85519358785825
0.20270175377286037,11.44761932505236,0.004612756868077738,0.198,168.75985138960917
0.20270175377286037,14.139329286890723,0.004316187101822247,0.15,nan
0.20270175377286037,17.511941266179853,0.004347847645600363,0.122,nan
0.20270175377286037,21.762444753190646,0.003853072040146808,0.087,nan
0.20270175377286037,27.157666449487493,0.0030950001313940797,0.056,nan
0.20270175377286037,34.06571830144334,0.0022877664429479605,0.033,nan
0.24738982830203593,0.1660927428429826,0.0008974643756591089,2.176,13.127396442032751
0.24738982830203593,0.20270175377286037,0.0010602948210172458,2.1065,14.323128709910215
0.24738982830203593,0.24738982830203593,0.001242754637321644,2.023,14.488921741491794
0.24738982830203593,0.30194476813729665,0.0014590763404924636,1.946,14.858094056481153
0.24738982830203593,0.36855237846453726,0.0017251157620325657,1.885,15.13690626276031
0.24738982830203593,0.44988623776855974,0.0020209191786026777,1.809,15.939620241292275
0.24738982830203593,0.5492182837010473,0.002323925746695754,1.704,17.244051249957963
0.24738982830203593,0.6705553170825551,0.0026441907343687262,1.588,18.33365297551982
0.24738982830203593,0.8188079075715171,0.002903473763828747,1.428,20.062588384403348
0.24738982830203593,1.0000000000000009,0.003131286149494831,1.261,23.3807388565533
0.24738982830203593,1.2215299319606077,0.003168255722707737,1.0445,28.560221907329197
0.24738982830203593,1.4924968137923766,0.0034374390107904376,0.9275,31.331367326230342
0.24738982830203593,1.8241106301397636,0.0036667026949879123,0.8095000000000001,35.36889057682569
0.24738982830203593,2.2302104956207325,0.003760306972905237,0.679,43.35004813367086
0.24738982830203593,2.727923977002522,0.0040033855230318565,0.591,48.68262434892951
0.24738982830203593,3.3385123976689135,0.00410360795179633,0.495,58.84314125215185
0.24738982830203593,4.0884642722309295,0.004263999722683058,0.42,70.06016884712122
0.24738982830203593,5.010924118203741,0.004392382999593901,0.353,82.14253838663288
0.24738982830203593,6.147580998958779,0.004488066264132936,0.294,97.86045132494772
0.24738982830203593,7.551196869063537,0.004500229944781817,0.24,117.76038795844816
0.24738982830203593,9.28903982013387,0.004659398596066717,0.202,143.07777777777778
0.24738982830203593,11.44761932505236,0.004320822616382585,0.152,167.4028108705411
0.24738982830203593,14.139329286890723,0.004388807093496082,0.125,nan
0.24738982830203593,17.511941266179853,0.004218069164427465,0.097,nan
0.24738982830203593,21.762444753190646,0.003998960107673434,0.074,nan
0.24738982830203593,27.157666449487493,0.002798647604634508,0.0415,nan
0.24738982830203593,34.06571830144334,0.0019455977584994393,0.023,nan
0.30194476813729665,0.1660927428429826,0.0009400753715899714,1.868,12.485105717911395
0.30194476813729665,0.20270175377286037,0.0011165714812555315,1.818,13.379068982687826
0.30194476813729665,0.24738982830203593,0.0012870258813988515,1.717,13.541984546266885
0.30194476813729665,0.30194476813729665,0.00151046173712035,1.651,14.495646272943716
0.30194476813729665,0.36855237846453726,0.0017721941193770212,1.587,15.304110833522598
0.30194476813729665,0.44988623776855974,0.002093770467785735,1.536,15.703189425175843
0.30194476813729665,0.5492182837010473,0.002382995107491766,1.432,16.814581324111913
0.30194476813729665,0.6705553170825551,0.0027012084417346277,1.3295,17.872864090544304
0.30194476813729665,0.8188079075715171,0.0030118674917360456,1.214,19.57435687019499
0.30194476813729665,1.0000000000000009,0.00325113398603108,1.073,21.299968534496216
0.30194476813729665,1.2215299319606077,0.00327183598271043,0.884,26.898833167825224
0.30194476813729665,1.4924968137923766,0.003468517760935525,0.767,30.53363528567165
0.30194476813729665,1.8241106301397636,0.0037859675897396576,0.685,34.88703986918675
0.30194476813729665,2.2302104956207325,0.0038314579211789737,0.567,41.910074704434656
0.30194476813729665,2.727923977002522,0.004041813482375292,0.489,48.558505466595236
0.30194476813729665,3.3385123976689135,0.004137246978200019,0.409,58.67323653409037
0.30194476813729665,4.0884642722309295,0.004335741659965847,0.35,69.06312238418242
0.30194476813729665,5.010924118203741,0.004418206001226003,0.291,81.86702985229873
0.30194476813729665,6.147580998958779,0.004582204977938588,0.246,94.75086206896552
0.30194476813729665,7.551196869063537,0.004598826195732562,0.201,114.75682534989159
0.30194476813729665,9.28903982013387,0.00458768483528785,0.163,136.8907894736842
0.30194476813729665,11.44761932505236,0.004630539475257238,0.1335,165.40305397727275
0.30194476813729665,14.139329286890723,0.00451977082511011,0.1055,nan
0.30194476813729665,17.511941266179853,0.004404002232231305,0.083,nan
0.30194476813729665,21.762444753190646,0.003824466148984989,0.058,nan
0.30194476813729665,27.157666449487493,0.003291452465059658,0.04,nan
0.30194476813729665,34.06571830144334,0.001961129614202512,0.019,nan
0.36855237846453726,0.1660927428429826,0.0009972391128845192,1.624,12.243847797708263
0.36855237846453726,0.20270175377286037,0.0011728283891626183,1.565,12.295288532885694
0.36855237846453726,0.24738982830203593,0.0013746857838917792,1.503,13.072422698967738
0.36855237846453726,0.30194476813729665,0.0015896448958908703,1.424,13.847626111512666
0.36855237846453726,0.36855237846453726,0.0018442513078929358,1.3535,15.294098129555769
0.36855237846453726,0.44988623776855974,0.0021539474235639762,1.295,15.009522215459524
0.36855237846453726,0.5492182837010473,0.002483327886230293,1.223,15.518744549223321
0.36855237846453726,0.6705553170825551,0.002843548566365439,1.147,17.223271631178264
0.36855237846453726,0.8188079075715171,0.003166476975248968,1.046,18.679645415737447
0.36855237846453726,1.0000000000000009,0.003419828714044412,0.925,20.773372471683423
0.36855237846453726,1.2215299319606077,0.003477422502719208,0.77,25.419868612023528
0.36855237846453726,1.4924968137923766,0.003559063601438175,0.645,30.56851928890368
0.36855237846453726,1.8241106301397636,0.0038440466692010408,0.57,35.20223590397535
0.36855237846453726,2.2302104956207325,0.003998989056512543,0.485,41.570323277297334
0.36855237846453726,2.727923977002522,0.004119902569574882,0.4085,47.698785425101214
0.36855237846453726,3.3385123976689135,0.004258284857416994,0.345,57.374797044302326
0.36855237846453726,4.0884642722309295,0.004323036096381272,0.286,69.16353318812335
0.36855237846453726,5.010924118203741,0.004446227593512778,0.24,80.53348608087983
0.36855237846453726,6.147580998958779,0.00447747435931252,0.197,98.00186258278146
0.36855237846453726,7.551196869063537,0.0045505723028656485,0.163,117.56273144309955
0.36855237846453726,9.28903982013387,0.004567568690455954,0.133,138.0968992248062
0.36855237846453726,11.44761932505236,0.004486252012084204,0.106,165.90583333333333
0.36855237846453726,14.139329286890723,0.004391073600628665,0.084,nan
0.36855237846453726,17.511941266179853,0.0044673091146714234,0.069,nan
0.36855237846453726,21.762444753190646,0.003942451718144324,0.049,nan
0.36855237846453726,27.157666449487493,0.0035141728254744517,0.035,nan
0.36855237846453726,34.06571830144334,0.0022670060421759986,0.018,nan
0.44988623776855974,0.1660927428429826,0.0010594736597570073,1.414,11.265290739781957
0.44988623776855974,0.20270175377286037,0.001251846420156234,1.369,11.749520335260407
0.44988623776855974,0.24738982830203593,0.0014809584001157239,1.327,12.480457367045997
0.44988623776855974,0.30194476813729665,0.0017190042926289466,1.262,12.490837513575011
0.44988623776855974,0.36855237846453726,0.0019751758016532802,1.188,13.737160650615596
0.44988623776855974,0.44988623776855974,0.002254793968498642,1.111,14.341937821206633
0.44988623776855974,0.5492182837010473,0.0025841599563937168,1.043,15.515748242873878
0.44988623776855974,0.6705553170825551,0.0029614704240391245,0.979,16.60914812805209
0.44988623776855974,0.8188079075715171,0.003335491788940556,0.903,18.125542152344806
0.44988623776855974,1.0000000000000009,0.0036360105878651345,0.806,20.524088734260246
0.44988623776855974,1.2215299319606077,0.0037251254811637665,0.676,23.9099943665227
0.44988623776855974,1.4924968137923766,0.003652609569339281,0.5425,30.101331716157617
0.44988623776855974,1.8241106301397636,0.004007469565722952,0.487,34.01081992484825
0.44988623776855974,2.2302104956207325,0.004155143283841409,0.413,38.48778996101365
0.44988623776855974,2.727923977002522,0.004208704811959266,0.342,46.94707999007362
0.44988623776855974,3.3385123976689135,0.0043224003277414855,0.287,57.08693244739756
0.44988623776855974,4.0884642722309295,0.004408067186456185,0.239,65.93415974952671
0.44988623776855974,5.010924118203741,0.004509732931986556,0.1995,78.36099922966875
0.44988623776855974,6.147580998958779,0.004548185874346815,0.164,98.551968503937
0.44988623776855974,7.551196869063537,0.0047009429079922695,0.138,115.53689606959765
0.44988623776855974,9.28903982013387,0.004693306798208538,0.112,141.66561932690965
0.44988623776855974,11.44761932505236,0.004699446056486803,0.091,162.2296535052377
0.44988623776855974,14.139329286890723,0.004464953560138052,0.07,nan
0.44988623776855974,17.511941266179853,0.0042659734594624734,0.054,nan
0.44988623776855974,21.762444753190646,0.003976058835468358,0.0405,nan
0.44988623776855974,27.157666449487493,0.0033078538390884276,0.027,nan
0.44988623776855974,34.06571830144334,0.002151471928017274,0.014,nan
0.5492182837010473,0.1660927428429826,0.0011364212832940827,1.243,10.70602211296048
0.5492182837010473,0.20270175377286037,0.0013472935128587139,1.2075,10.893147753204177
0.5492182837010473,0.24738982830203593,0.0015932549409164607,1.17,11.260157848582287
0.5492182837010473,0.30194476813729665,0.0018548520592764175,1.116,11.703601754604362
0.5492182837010473,0.36855237846453726,0.002146359470591229,1.058,12.676592905572132
0.5492182837010473,0.44988623776855974,0.002433060119264716,0.9824999999999999,13.78397644177338
0.5492182837010473,0.5492182837010473,0.002748061469362806,0.909,14.516205140138588
0.5492182837010473,0.6705553170825551,0.003122644515731356,0.846,15.986792479990786
0.5492182837010473,0.8188079075715171,0.003524571736311402,0.782,17.04683117206207
0.5492182837010473,1.0000000000000009,0.00385314731156437,0.7,19.242689001569726
0.5492182837010473,1.2215299319606077,0.004017534324377612,0.5974999999999999,22.38898868110236
0.5492182837010473,1.4924968137923766,0.003922874022665207,0.4775,27.95300769013044
0.5492182837010473,1.8241106301397636,0.004116732082732552,0.41,32.35886628475983
0.5492182837010473,2.2302104956207325,0.004296664787711822,0.35,37.31132756132756
0.5492182837010473,2.727923977002522,0.004354595645800486,0.29,46.11021534962213
0.5492182837010473,3.3385123976689135,0.004502323024395779,0.245,54.43089221248066
0.5492182837010473,4.0884642722309295,0.0045234921127338245,0.201,65.49472918938568
0.5492182837010473,5.010924118203741,0.0046062962981187495,0.167,78.36125886524823
0.5492182837010473,6.147580998958779,0.004635989031757707,0.137,94.94516886490808
0.5492182837010473,7.551196869063537,0.00473847089474897,0.114,117.32754038743968
0.5492182837010473,9.28903982013387,0.004601833561280959,0.09,141.03081232492997
0.5492182837010473,11.44761932505236,0.004662989869048826,0.074,164.79679144385028
0.5492182837010473,14.139329286890723,0.004514133257840209,0.058,nan
0.5492182837010473,17.511941266179853,0.004241354191489083,0.044,nan
0.5492182837010473,21.762444753190646,0.0040729039811285995,0.034,nan
0.5492182837010473,27.157666449487493,0.003737231766721569,0.025,nan
0.5492182837010473,34.06571830144334,0.002062660771124087,0.011,nan
0.6705553170825551,0.1660927428429826,0.001238279504003945,1.11,9.629400787891353
0.6705553170825551,0.20270175377286037,0.0014853448866889297,1.091,9.913649708520445
0.6705553170825551,0.24738982830203593,0.0017712672491148633,1.066,10.28106729982309
0.6705553170825551,0.30194476813729665,0.0020624978785369168,1.017,10.624225452812201
0.6705553170825551,0.36855237846453726,0.0023739024799514404,0.959,11.337577814618054
0.6705553170825551,0.44988623776855974,0.0027074208333971316,0.896,12.0911367654861
0.6705553170825551,0.5492182837010473,0.0030875606214807207,0.837,13.122761162416335
0.6705553170825551,0.6705553170825551,0.003337320123720581,0.741,14.857089405575376
0.6705553170825551,0.8188079075715171,0.003772690622534907,0.686,16.15478552875097
0.6705553170825551,1.0000000000000009,0.004164249460934638,0.62,17.54737029947114
0.6705553170825551,1.2215299319606077,0.004430399830271869,0.54,19.84784731895544
0.6705553170825551,1.4924968137923766,0.004350590336597111,0.434,25.278931063951006
0.6705553170825551,1.8241106301397636,0.0043125970988744135,0.352,31.419125671736637
0.6705553170825551,2.2302104956207325,0.004508762917906449,0.301,36.231906537078956
0.6705553170825551,2.727923977002522,0.004433969258177817,0.242,45.64421675774135
0.6705553170825551,3.3385123976689135,0.004641607225208893,0.207,53.62695385859986
0.6705553170825551,4.0884642722309295,0.004668250764656441,0.17,62.590562638580934
0.6705553170825551,5.010924118203741,0.004711844077616134,0.14,79.1602380952381
0.6705553170825551,6.147580998958779,0.004789688806245298,0.116,93.88055555555556
0.6705553170825551,7.551196869063537,0.004767477974503994,0.094,112.23675595238095
0.6705553170825551,9.28903982013387,0.004772844755427207,0.0765,135.76323529411764
0.6705553170825551,11.44761932505236,0.004728630113072684,0.0615,164.32267214397496
0.6705553170825551,14.139329286890723,0.004653395199491453,0.049,nan
0.6705553170825551,17.511941266179853,0.004469541121208279,0.038,nan
0.6705553170825551,21.762444753190646,0.004092708011772001,0.028,nan
0.6705553170825551,27.157666449487493,0.003648106382984562,0.02,nan
0.6705553170825551,34.06571830144334,0.0025168381287169503,0.011,nan
0.8188079075715171,0.1660927428429826,0.0013639262973804116,1.002,8.810369396355174
0.8188079075715171,0.20270175377286037,0.0016180390079498222,0.974,9.29813572333154
0.8188079075715171,0.24738982830203593,0.0019321785840990158,0.953,9.535769619860922
0.8188079075715171,0.30194476813729665,0.0022592839171274247,0.913,10.057887970384993
0.8188079075715171,0.36855237846453726,0.002645914758890375,0.876,10.110764764247891
0.8188079075715171,0.44988623776855974,0.003052850725516958,0.828,10.98252933450657
0.8188079075715171,0.5492182837010473,0.0034433323767272543,0.765,11.795700168556037
0.8188079075715171,0.6705553170825551,0.0037699123288881544,0.686,13.329969111341422
0.8188079075715171,0.8188079075715171,0.004086691411874837,0.609,14.82556213502505
0.8188079075715171,1.0000000000000009,0.004548471810371966,0.555,16.20901395829072
0.8188079075715171,1.2215299319606077,0.004835303828263757,0.483,18.42277976901633
0.8188079075715171,1.4924968137923766,0.0048804383678508695,0.399,22.598338390898654
0.8188079075715171,1.8241106301397636,0.00455956632965428,0.305,30.705809291379758
0.8188079075715171,2.2302104956207325,0.004788722499960322,0.262,35.40786570506488
0.8188079075715171,2.727923977002522,0.004784301723225283,0.214,42.1151031564098
0.8188079075715171,3.3385123976689135,0.004815464499405222,0.176,49.587487727718994
0.8188079075715171,4.0884642722309295,0.004791469949664185,0.143,62.40154790729851
0.8188079075715171,5.010924118203741,0.004845876679777313,0.118,75.19373291485269
0.8188079075715171,6.147580998958779,0.004887069533237869,0.097,90.57423795476893
0.8188079075715171,7.551196869063537,0.004827062478006063,0.078,111.21435631331852
0.8188079075715171,9.28903982013387,0.004796052168180186,0.063,138.57171736619176
0.8188079075715171,11.44761932505236,0.004690916558186499,0.05,163.61752136752136
0.8188079075715171,14.139329286890723,0.004751001743853269,0.041,nan
0.8188079075715171,17.511941266179853,0.004736098827757819,0.033,nan
0.8188079075715171,21.762444753190646,0.003923764076869614,0.022,nan
0.8188079075715171,27.157666449487493,0.0033385373048913174,0.015,nan
0.8188079075715171,34.06571830144334,0.0019542859743411074,0.007,nan
1.0000000000000009,0.1660927428429826,0.0011975286758979045,0.721,10.529270117403987
1.0000000000000009,0.20270175377286037,0.001467560697315509,0.724,10.488255737634361
1.0000000000000009,0.24738982830203593,0.0017935762551897604,0.725,10.571668996079008
1.0000000000000009,0.30194476813729665,0.0021800412259512817,0.722,10.358802308802309
1.0000000000000009,0.36855237846453726,0.002672004743867895,0.725,10.3420087135978
1.0000000000000009,0.44988623776855974,0.0032796706733328007,0.729,10.517822587611946
1.0000000000000009,0.5492182837010473,0.003976340373995663,0.724,10.364813549024074
1.0000000000000009,0.6705553170825551,0.0048749371551902706,0.727,10.227841263098274
1.0000000000000009,0.8188079075715171,0.005919981171742175,0.723,10.361663784822287
1.0000000000000009,1.0000000000000009,0.0058499999999999195,0.585,12.730704707593299
1.0000000000000009,1.2215299319606077,0.004702890238048291,0.385,19.711274778863814
1.0000000000000009,1.4924968137923766,0.005790887637514475,0.388,19.439333694524283
1.0000000000000009,1.8241106301397636,0.007077549244942282,0.388,19.480053362479104
1.0000000000000009,2.2302104956207325,0.004638837830891098,0.208,37.1428661100998
1.0000000000000009,2.727923977002522,0.005646802632395221,0.207,37.29757847344946
1.0000000000000009,3.3385123976689135,0.0048408429766199435,0.145,51.564181746656175
1.0000000000000009,4.0884642722309295,0.004619964627620951,0.113,67.22255600059339
1.0000000000000009,5.010924118203741,0.005662344253570213,0.113,66.95088123745074
1.0000000000000009,6.147580998958779,0.005594298709052503,0.091,80.77467532467533
1.0000000000000009,7.551196869063537,0.004908277964891305,0.065,113.4942817644841
1.0000000000000009,9.28903982013387,0.005201862299274973,0.056,124.20098039215686
1.0000000000000009,11.44761932505236,0.005036952503023044,0.044,153.57507507507506
1.0000000000000009,14.139329286890723,0.004595282018239483,0.0325,nan
1.0000000000000009,17.511941266179853,0.004377985316544963,0.025,nan
1.0000000000000009,21.762444753190646,0.004352488950638129,0.02,nan
1.0000000000000009,27.157666449487493,0.003530496638433373,0.013,nan
1.0000000000000009,34.06571830144334,0.0023846002811010337,0.007,nan
1.2215299319606077,0.1660927428429826,0.0012340690793233606,0.743,8.528215194117983
1.2215299319606077,0.20270175377286037,0.001476682276235288,0.7284999999999999,8.386038961038961
1.2215299319606077,0.24738982830203593,0.0017515199843784143,0.708,9.077504234846236
1.2215299319606077,0.30194476813729665,0.002089457795510093,0.692,9.066364437204973
1.2215299319606077,0.36855237846453726,0.0024250746502966552,0.658,9.39054821918171
1.2215299319606077,0.44988623776855974,0.0028207867108088697,0.627,10.08403115200386
1.2215299319606077,0.5492182837010473,0.0032348956909992186,0.589,10.610280641788192
1.2215299319606077,0.6705553170825551,0.0035941764995625477,0.536,11.980983131259883
1.2215299319606077,0.8188079075715171,0.003881149481889042,0.474,13.473925017768302
1.2215299319606077,1.0000000000000009,0.004099999999999957,0.41,15.219151312116136
1.2215299319606077,1.2215299319606077,0.004996057421718831,0.409,15.515017088815018
1.2215299319606077,1.4924968137923766,0.005014789294342415,0.336,18.955121506845643
1.2215299319606077,1.8241106301397636,0.004870375382473169,0.267,23.624089393752314
1.2215299319606077,2.2302104956207325,0.004215097836723163,0.189,33.32448016774419
1.2215299319606077,2.727923977002522,0.004391957602974061,0.161,39.320753104705474
1.2215299319606077,3.3385123976689135,0.004206525621062845,0.126,49.05087980333808
1.2215299319606077,4.0884642722309295,0.004170233557675548,0.102,60.79851250845166
1.2215299319606077,5.010924118203741,0.004209176259291141,0.084,72.77429711905589
1.2215299319606077,6.147580998958779,0.004303306699271154,0.07,91.6969696969697
1.2215299319606077,7.551196869063537,0.004304182215366218,0.057,107.83042846768336
1.2215299319606077,9.28903982013387,0.004180067919060242,0.045,136.71794871794873
1.2215299319606077,11.44761932505236,0.00400666676376833,0.035,158.39893617021278
1.2215299319606077,14.139329286890723,0.003888315553894949,0.0275,nan
1.2215299319606077,17.511941266179853,0.003677507665897769,0.021,nan
1.2215299319606077,21.762444753190646,0.003264366712978597,0.015,nan
1.2215299319606077,27.157666449487493,0.002715766644948749,0.01,nan
1.2215299319606077,34.06571830144334,0.0013626287320577335,0.004,nan
1.4924968137923766,0.1660927428429826,0.0010023697030574,0.6034999999999999,9.140526745610453
1.4924968137923766,0.20270175377286037,0.0011999943823353333,0.592,8.922933537725626
1.4924968137923766,0.24738982830203593,0.0014398088007178491,0.582,9.258941149738696
1.4924968137923766,0.30194476813729665,0.0017241046260639639,0.571,9.563552188552189
1.4924968137923766,0.36855237846453726,0.0020344091291242456,0.552,9.82397310146914
1.4924968137923766,0.44988623776855974,0.0023506555923407243,0.5225,10.220898829103312
1.4924968137923766,0.5492182837010473,0.0026197712132540207,0.477,11.509608945177725
1.4924968137923766,0.6705553170825551,0.002903504522967493,0.433,12.670860092079412
1.4924968137923766,0.8188079075715171,0.0032588554721346722,0.398,13.17530945579726
1.4924968137923766,1.0000000000000009,0.0033699999999999724,0.337,15.614112543180035
1.4924968137923766,1.2215299319606077,0.004128771170026815,0.338,15.89705747631873
1.4924968137923766,1.4924968137923766,0.005014789294342415,0.336,15.75741618317906
1.4924968137923766,1.8241106301397636,0.004779169850966181,0.262,19.8707756678468
1.4924968137923766,2.2302104956207325,0.004036680997073506,0.181,29.784592239459187
1.4924968137923766,2.727923977002522,0.003846372807573556,0.141,37.37326230339929
1.4924968137923766,3.3385123976689135,0.0038059041333425732,0.114,47.560932289401194
1.4924968137923766,4.0884642722309295,0.00347519463139629,0.085,61.21699346405229
1.4924968137923766,5.010924118203741,0.003557756123924656,0.071,73.1407536125846
1.4924968137923766,6.147580998958779,0.0036885485993752736,0.06,84.56975210970464
1.4924968137923766,7.551196869063537,0.003549062528459862,0.047,107.89436885865457
1.4924968137923766,9.28903982013387,0.0036227255298522097,0.039,127.21442125237192
1.4924968137923766,11.44761932505236,0.00343428579751571,0.03,163.2003968253968
1.4924968137923766,14.139329286890723,0.003252045735984866,0.023,nan
1.4924968137923766,17.511941266179853,0.0033272688405741723,0.019,nan
1.4924968137923766,21.762444753190646,0.0030467422654466905,0.014,nan
1.4924968137923766,27.157666449487493,0.002444189980453874,0.009,nan
1.4924968137923766,34.06571830144334,0.0017032859150721668,0.005,nan
1.8241106301397636,0.1660927428429826,0.0008371074239286322,0.504,9.138440792458537
1.8241106301397636,0.20270175377286037,0.0009749954356474584,0.481,9.505902717356463
1.8241106301397636,0.24738982830203593,0.0011899450741327928,0.481,9.241425056078208
1.8241106301397636,0.30194476813729665,0.0013768681427060727,0.456,9.898099794481318
1.8241106301397636,0.36855237846453726,0.0016068883701053824,0.436,10.484918967587035
1.8241106301397636,0.44988623776855974,0.0018760256114948941,0.417,10.913998357963875
1.8241106301397636,0.5492182837010473,0.0021199825750860476,0.386,11.402343907182617
1.8241106301397636,0.6705553170825551,0.002393882481984734,0.357,12.473180076628353
1.8241106301397636,0.8188079075715171,0.0025710568297745793,0.314,13.9467854763491
1.8241106301397636,1.0000000000000009,0.002749999999999986,0.275,15.68234604105572
1.8241106301397636,1.2215299319606077,0.0033592073128916465,0.275,15.66129475268098
1.8241106301397636,1.4924968137923766,0.004104366237929039,0.275,16.001695981617747
1.8241106301397636,1.8241106301397636,0.00501630423288435,0.275,16.227272727272727
1.8241106301397636,2.2302104956207325,0.004371212571416613,0.196,22.124153762353124
1.8241106301397636,2.727923977002522,0.00308255409401285,0.113,38.45822113099952
1.8241106301397636,3.3385123976689135,0.003338512397668922,0.1,44.241413288288285
1.8241106301397636,4.0884642722309295,0.0031890021323401248,0.078,57.401726973684205
1.8241106301397636,5.010924118203741,0.002956445229740207,0.059,72.36941251596424
1.8241106301397636,6.147580998958779,0.0029508388795002178,0.048,87.06121751025992
1.8241106301397636,7.551196869063537,0.00309599071631605,0.041,101.46022727272728
1.8241106301397636,9.28903982013387,0.0030653831406441774,0.033,130.90196078431373
1.8241106301397636,11.44761932505236,0.0029763810245136153,0.026,151.74305555555554
1.8241106301397636,14.139329286890723,0.002686472564509237,0.019,nan
1.8241106301397636,17.511941266179853,0.002626791189926978,0.015,nan
1.8241106301397636,21.762444753190646,0.002393868922850971,0.011,nan
1.8241106301397636,27.157666449487493,0.0019010366514641247,0.007,nan
1.8241106301397636,34.06571830144334,0.0013626287320577335,0.004,nan
2.2302104956207325,0.1660927428429826,0.0006809802456562286,0.41,9.670282031471833
2.2302104956207325,0.20270175377286037,0.0008087799975537128,0.399,9.541200366033117
2.2302104956207325,0.24738982830203593,0.0009549247372458587,0.386,9.983708183708185
2.2302104956207325,0.30194476813729665,0.0011202150897893705,0.371,10.086519018959489
2.2302104956207325,0.36855237846453726,0.0013231030386876889,0.359,10.620482713633399
2.2302104956207325,0.44988623776855974,0.0015296132084131032,0.34,10.94911517848114
2.2302104956207325,0.5492182837010473,0.0017684828735173724,0.322,11.791806958473625
2.2302104956207325,0.6705553170825551,0.0019647270790518864,0.293,12.700714179437584
2.2302104956207325,0.8188079075715171,0.002112524401534517,0.258,14.242462972708818
2.2302104956207325,1.0000000000000009,0.0022499999999999964,0.225,15.994598765432098
2.2302104956207325,1.2215299319606077,0.0027362270475917477,0.224,16.449139758643184
2.2302104956207325,1.4924968137923766,0.0033581178310328474,0.225,16.30733944954128
2.2302104956207325,1.8241106301397636,0.004104248917814468,0.225,16.29608110742835
2.2302104956207325,2.2302104956207325,0.005017973615146619,0.225,16.13079646017699
2.2302104956207325,2.727923977002522,0.0038736520473435813,0.142,25.80037645090453
2.2302104956207325,3.3385123976689135,0.002336958678368242,0.07,50.73263550795196
2.2302104956207325,4.0884642722309295,0.0028619249905616506,0.07,50.11866554054054
2.2302104956207325,5.010924118203741,0.0027058990238300203,0.054,66.6396789636722
2.2302104956207325,6.147580998958779,0.0025205082095731014,0.041,88.08228540185894
2.2302104956207325,7.551196869063537,0.0023408710294096965,0.031,111.44866071428572
2.2302104956207325,9.28903982013387,0.0026009311496374837,0.028,125.56684782608696
2.2302104956207325,11.44761932505236,0.0024040000582609957,0.021,152.76319758672702
2.2302104956207325,14.139329286890723,0.002403685978771423,0.017,180.5438596491228
2.2302104956207325,17.511941266179853,0.0021014329519415823,0.012,nan
2.2302104956207325,21.762444753190646,0.0019586200277871583,0.009,nan
2.2302104956207325,27.157666449487493,0.0019010366514641247,0.007,nan
2.2302104956207325,34.06571830144334,0.0010219715490433002,0.003,nan
2.727923977002522,0.1660927428429826,0.000553088833667132,0.333,10.282118900097291
2.727923977002522,0.20270175377286037,0.0006567536822240676,0.324,10.31230524987181
2.727923977002522,0.24738982830203593,0.0007792779591514132,0.315,10.66340197190472
2.727923977002522,0.30194476813729665,0.0009148926474560089,0.303,10.955808908542618
2.727923977002522,0.36855237846453726,0.0010798584689010941,0.293,11.245906423439772
2.727923977002522,0.44988623776855974,0.0012551826033742816,0.279,11.42834996436208
2.727923977002522,0.5492182837010473,0.0014334597204597335,0.261,11.93263587838037
2.727923977002522,0.6705553170825551,0.0016093327609981323,0.24,13.331860383808563
2.727923977002522,0.8188079075715171,0.0017031204477487556,0.208,15.18813702637232
2.727923977002522,1.0000000000000009,0.0018500000000000016,0.185,16.53515156830074
2.727923977002522,1.2215299319606077,0.0022598303741271195,0.185,16.80553386980543
2.727923977002522,1.4924968137923766,0.0027760440736538205,0.186,16.48029005877843
2.727923977002522,1.8241106301397636,0.003356363559457165,0.184,17.51827178770184
2.727923977002522,2.2302104956207325,0.004125889416898334,0.185,16.563715696068638
2.727923977002522,2.727923977002522,0.005046659357454666,0.185,16.843730366492146
2.727923977002522,3.3385123976689135,0.0031382016538087864,0.094,32.4276716781796
2.727923977002522,4.0884642722309295,0.002044232136115465,0.05,59.07182675814751
2.727923977002522,5.010924118203741,0.0025054620591018705,0.05,60.508620689655174
2.727923977002522,6.147580998958779,0.0021516533496355734,0.035,83.64059804485336
2.727923977002522,7.551196869063537,0.0021898470920284257,0.029,100.6159420289855
2.727923977002522,9.28903982013387,0.0018578079640267742,0.02,139.875
2.727923977002522,11.44761932505236,0.0021750476717599483,0.019,151.76909722222223
2.727923977002522,14.139329286890723,0.001979506100164701,0.014,nan
2.727923977002522,17.511941266179853,0.0019263135392797838,0.011,nan
2.727923977002522,21.762444753190646,0.0015233711327233453,0.007,nan
2.727923977002522,27.157666449487493,0.0013578833224743747,0.005,nan
2.727923977002522,34.06571830144334,0.0010219715490433002,0.003,nan
3.3385123976689135,0.1660927428429826,0.00045343318796134245,0.273,10.787382352941176
3.3385123976689135,0.20270175377286037,0.0005270245598094369,0.26,10.914461127369893
3.3385123976689135,0.24738982830203593,0.0006382657570192527,0.258,10.808735775272993
3.3385123976689135,0.30194476813729665,0.0007367452342550039,0.244,11.512356064987642
3.3385123976689135,0.36855237846453726,0.0008955822796688256,0.243,11.603570360027923
3.3385123976689135,0.44988623776855974,0.001016742897356945,0.226,12.264353979182877
3.3385123976689135,0.5492182837010473,0.0011753271271202413,0.214,12.853657985169107
3.3385123976689135,0.6705553170825551,0.001327699527823459,0.198,13.207056307911618
3.3385123976689135,0.8188079075715171,0.0013674092056444335,0.167,16.13063597532036
3.3385123976689135,1.0000000000000009,0.0015200000000000014,0.152,17.139836984207847
3.3385123976689135,1.2215299319606077,0.0018445101972605175,0.151,17.320214160839164
3.3385123976689135,1.4924968137923766,0.002253670188826489,0.151,17.394297846527145
3.3385123976689135,1.8241106301397636,0.002754407051511043,0.151,17.14646218760143
3.3385123976689135,2.2302104956207325,0.003367617848387293,0.151,17.259782945736433
3.3385123976689135,2.727923977002522,0.0041191652052738085,0.151,17.073697429331233
3.3385123976689135,3.3385123976689135,0.00504115372048008,0.151,17.24981231231231
3.3385123976689135,4.0884642722309295,0.00233042463517163,0.057,44.92518939393939
3.3385123976689135,5.010924118203741,0.0017538234413713093,0.035,71.78611111111111
3.3385123976689135,6.147580998958779,0.0021516533496355734,0.035,70.71594982078852
3.3385123976689135,7.551196869063537,0.001661263311193978,0.022,111.515625
3.3385123976689135,9.28903982013387,0.0017649175658254355,0.019,126.14143920595534
3.3385123976689135,11.44761932505236,0.001488190512256807,0.013,nan
3.3385123976689135,14.139329286890723,0.0016967195144268867,0.012,175.4857142857143
3.3385123976689135,17.511941266179853,0.0015760747139561867,0.009,nan
3.3385123976689135,21.762444753190646,0.0015233711327233453,0.007,nan
3.3385123976689135,27.157666449487493,0.0010863066579794999,0.004,nan
3.3385123976689135,34.06571830144334,0.0010219715490433002,0.003,nan
4.0884642722309295,0.1660927428429826,0.0003155762114016669,0.19,12.755356644332775
4.0884642722309295,0.20270175377286037,0.00037297122694206306,0.184,12.620827710301395
4.0884642722309295,0.24738982830203593,0.00043293219952856286,0.175,13.25865800865801
4.0884642722309295,0.30194476813729665,0.0005223644488775232,0.173,13.00263157894737
4.0884642722309295,0.36855237846453726,0.0006302245671743587,0.171,13.15857211269854
4.0884642722309295,0.44988623776855974,0.0007648066042065516,0.17,13.40477590295334
4.0884642722309295,0.5492182837010473,0.0009721163621508538,0.177,13.255257969109433
4.0884642722309295,0.6705553170825551,0.0011265329326986926,0.168,13.837147634973721
4.0884642722309295,0.8188079075715171,0.0012937164939629971,0.158,13.88186046511628
4.0884642722309295,1.0000000000000009,0.001220000000000001,0.122,18.06451496051583
4.0884642722309295,1.2215299319606077,0.0014902665169919413,0.122,17.8823465801568
4.0884642722309295,1.4924968137923766,0.0018059211446887758,0.121,18.332867132867133
4.0884642722309295,1.8241106301397636,0.0022254149687705115,0.122,18.03803656137915
4.0884642722309295,2.2302104956207325,0.0026985546997010798,0.121,17.942496331196416
4.0884642722309295,2.727923977002522,0.003328067251943077,0.122,18.097795163584635
4.0884642722309295,3.3385123976689135,0.004072985125156088,0.122,17.691253143593205
4.0884642722309295,4.0884642722309295,0.0049470417693994245,0.121,18.319024725274723
4.0884642722309295,5.010924118203741,0.0024052435767377956,0.048,46.00988843813387
4.0884642722309295,6.147580998958779,0.0014139436297605193,0.023,87.34166666666667
4.0884642722309295,7.551196869063537,0.0017367752798846134,0.023,90.7448275862069
4.0884642722309295,9.28903982013387,0.0014862463712214194,0.016,124.27489177489178
4.0884642722309295,11.44761932505236,0.001488190512256807,0.013,153.2403846153846
4.0884642722309295,14.139329286890723,0.0011311463429512579,0.008,nan
4.0884642722309295,17.511941266179853,0.0014009553012943883,0.008,nan
4.0884642722309295,21.762444753190646,0.0010881222376595322,0.005,nan
4.0884642722309295,27.157666449487493,0.0010863066579794999,0.004,nan
4.0884642722309295,34.06571830144334,0.0006813143660288668,0.002,nan
5.010924118203741,0.1660927428429826,0.00029730600968893884,0.179,12.696781058792233
5.010924118203741,0.20270175377286037,0.00034864701648931984,0.172,13.148831615120276
5.010924118203741,0.24738982830203593,0.00042056270811346107,0.17,13.312483845955027
5.010924118203741,0.30194476813729665,0.0004951894197451665,0.164,13.43391791044776
5.010924118203741,0.36855237846453726,0.0005712561866200327,0.155,14.088908402392843
5.010924118203741,0.44988623776855974,0.0006725799254639969,0.1495,14.432557557557558
5.010924118203741,0.5492182837010473,0.0007716516885999715,0.1405,14.95087235996327
5.010924118203741,0.6705553170825551,0.0008784274653781472,0.131,15.815656565656566
5.010924118203741,0.8188079075715171,0.0009907575681615357,0.121,16.01667708984782
5.010924118203741,1.0000000000000009,0.001020000000000001,0.102,18.747134020618557
5.010924118203741,1.2215299319606077,0.001258175829919426,0.103,18.946316390633925
5.010924118203741,1.4924968137923766,0.001537271718206148,0.103,19.048528941477453
5.010924118203741,1.8241106301397636,0.0018788339490439566,0.103,18.82980232668117
5.010924118203741,2.2302104956207325,0.002274814705533145,0.102,19.041209972061036
5.010924118203741,2.727923977002522,0.0027824824565425726,0.102,19.29810448451225
5.010924118203741,3.3385123976689135,0.003405282645622301,0.102,18.908811717458068
5.010924118203741,4.0884642722309295,0.004170233557675548,0.102,18.747371644380934
5.010924118203741,5.010924118203741,0.005111142600567806,0.102,18.656262457147413
5.010924118203741,6.147580998958779,0.0010450887698229925,0.017,105.08695652173913
5.010924118203741,7.551196869063537,0.0012837034677408011,0.017,104.32083333333333
5.010924118203741,9.28903982013387,0.001579136769422758,0.017,108.4264705882353
5.010924118203741,11.44761932505236,0.0010302857392547125,0.009,nan
5.010924118203741,14.139329286890723,0.001272539635820165,0.009,nan
5.010924118203741,17.511941266179853,0.0010507164759707911,0.006,nan
5.010924118203741,21.762444753190646,0.0010881222376595322,0.005,nan
5.010924118203741,27.157666449487493,0.0010863066579794999,0.004,nan
5.010924118203741,34.06571830144334,0.0006813143660288668,0.002,nan
6.147580998958779,0.1660927428429826,0.0001976503639831493,0.119,15.98235294117647
6.147580998958779,0.20270175377286037,0.00023716105191424664,0.117,16.165698143664244
6.147580998958779,0.24738982830203593,0.00029068304825489224,0.1175,16.482598039215688
6.147580998958779,0.30194476813729665,0.000359314274083383,0.119,16.16781314989602
6.147580998958779,0.36855237846453726,0.0004422628541574447,0.12,15.848072671344806
6.147580998958779,0.44988623776855974,0.0005353646229445861,0.119,16.279338327091136
6.147580998958779,0.5492182837010473,0.0006425853919302253,0.117,16.625080718067935
6.147580998958779,0.6705553170825551,0.0008046663804990662,0.12,16.26998679494435
6.147580998958779,0.8188079075715171,0.000958005251858675,0.117,15.981140350877194
6.147580998958779,1.0000000000000009,0.0008500000000000007,0.085,19.13984425697599
6.147580998958779,1.2215299319606077,0.0010383004421665165,0.085,20.13311862587225
6.147580998958779,1.4924968137923766,0.0012686222917235202,0.085,19.511428571428574
6.147580998958779,1.8241106301397636,0.001550494035618799,0.085,19.977777777777778
6.147580998958779,2.2302104956207325,0.0018956789212776226,0.085,19.480213903743316
6.147580998958779,2.727923977002522,0.002318735380452144,0.085,19.695526695526695
6.147580998958779,3.3385123976689135,0.002837735538018582,0.085,20.110323886639677
6.147580998958779,4.0884642722309295,0.00347519463139629,0.085,20.399064171122994
6.147580998958779,5.010924118203741,0.0042592855004731775,0.085,19.331300813008127
6.147580998958779,6.147580998958779,0.005225443849114974,0.085,19.60226063829787
6.147580998958779,7.551196869063537,0.0009061436242876244,0.012,127.6
6.147580998958779,9.28903982013387,0.0011146847784160646,0.012,127.85714285714286
6.147580998958779,11.44761932505236,0.0013737143190062832,0.012,123.58333333333334
6.147580998958779,14.139329286890723,0.0008483597572134433,0.006,nan
6.147580998958779,17.511941266179853,0.0010507164759707911,0.006,nan
6.147580998958779,21.762444753190646,0.0008704977901276259,0.004,nan
6.147580998958779,27.157666449487493,0.0005431533289897499,0.002,nan
6.147580998958779,34.06571830144334,0.0006813143660288668,0.002,nan
7.551196869063537,0.1660927428429826,0.00019598943655471944,0.118,15.071468926553672
7.551196869063537,0.20270175377286037,0.00023918806945197525,0.118,14.970675185962236
7.551196869063537,0.24738982830203593,0.00028944609911338206,0.117,15.184302488118536
7.551196869063537,0.30194476813729665,0.00034723648335789115,0.115,15.208092783505155
7.551196869063537,0.36855237846453726,0.00035749580711060116,0.097,16.309177646524308
7.551196869063537,0.44988623776855974,0.00043638965063550297,0.097,16.762230805243448
7.551196869063537,0.5492182837010473,0.0005217573695159949,0.095,16.788486842105264
7.551196869063537,0.6705553170825551,0.0005766775726909974,0.086,17.674927675988428
7.551196869063537,0.8188079075715171,0.0006018238120650652,0.0735,20.08501237186285
7.551196869063537,1.0000000000000009,0.0006800000000000006,0.068,20.890707751564754
7.551196869063537,1.2215299319606077,0.0008306403537332132,0.068,20.66493481957302
7.551196869063537,1.4924968137923766,0.0010298228015167398,0.069,20.62998643147897
7.551196869063537,1.8241106301397636,0.0012403952284950393,0.068,20.795725108225106
7.551196869063537,2.2302104956207325,0.0015388452419783055,0.069,20.730072463768117
7.551196869063537,2.727923977002522,0.001854988304361715,0.068,20.705627705627705
7.551196869063537,3.3385123976689135,0.002270188430414863,0.068,21.536811440677965
7.551196869063537,4.0884642722309295,0.002780155705117032,0.068,21.418010752688172
7.551196869063537,5.010924118203741,0.003407428400378544,0.068,21.388173383187926
7.551196869063537,6.147580998958779,0.004241830889281566,0.069,20.5194099378882
7.551196869063537,7.551196869063537,0.005172569855308531,0.0685,21.303846153846152
7.551196869063537,9.28903982013387,0.0007431231856107097,0.008,152.1875
7.551196869063537,11.44761932505236,0.0009158095460041889,0.008,153.95833333333331
7.551196869063537,14.139329286890723,0.0011311463429512579,0.008,nan
7.551196869063537,17.511941266179853,0.0007004776506471941,0.004,nan
7.551196869063537,21.762444753190646,0.0008704977901276259,0.004,nan
7.551196869063537,27.157666449487493,0.0005431533289897499,0.002,nan
7.551196869063537,34.06571830144334,0.0006813143660288668,0.002,nan
9.28903982013387,0.1660927428429826,0.0001411788314165352,0.085,17.69178440607012
9.28903982013387,0.20270175377286037,0.00017432350824465992,0.086,18.027183600713013
9.28903982013387,0.24738982830203593,0.0002003857609246491,0.081,18.137500000000003
9.28903982013387,0.30194476813729665,0.00024155581450983733,0.08,18.767439138576776
9.28903982013387,0.36855237846453726,0.0002837853314176937,0.077,18.646312083024462
9.28903982013387,0.44988623776855974,0.0003374146783264198,0.075,19.1782955606485
9.28903982013387,0.5492182837010473,0.00041191371277578547,0.075,18.622513779055836
9.28903982013387,0.6705553170825551,0.0004895053814702652,0.073,19.410703812316715
9.28903982013387,0.8188079075715171,0.0005567893771486317,0.068,19.84107142857143
9.28903982013387,1.0000000000000009,0.0005700000000000005,0.057,21.157296351824087
9.28903982013387,1.2215299319606077,0.0006962720612175464,0.057,22.325102279368792
9.28903982013387,1.4924968137923766,0.0008357982157237309,0.056,22.10762418174817
9.28903982013387,1.8241106301397636,0.0010397430591796652,0.057,21.82005068994649
9.28903982013387,2.2302104956207325,0.00124891787754761,0.056,22.17192582953806
9.28903982013387,2.727923977002522,0.0015549166668914376,0.057,21.391016548463355
9.28903982013387,3.3385123976689135,0.0018695669426945915,0.056,22.457287644787645
9.28903982013387,4.0884642722309295,0.00233042463517163,0.057,22.21342383107089
9.28903982013387,5.010924118203741,0.0028061175061940952,0.056,22.01707175925926
9.28903982013387,6.147580998958779,0.00350412116940651,0.057,22.41663807890223
9.28903982013387,7.551196869063537,0.004228670246675582,0.056,21.288675213675212
9.28903982013387,9.28903982013387,0.005201862299274973,0.056,22.235
9.28903982013387,11.44761932505236,0.0006868571595031416,0.006,nan
9.28903982013387,14.139329286890723,0.0007069664643445362,0.005,nan
9.28903982013387,17.511941266179853,0.0010507164759707911,0.006,nan
9.28903982013387,21.762444753190646,0.00043524889506381295,0.002,nan
9.28903982013387,27.157666449487493,0.0005431533289897499,0.002,nan
9.28903982013387,34.06571830144334,0.0003406571830144334,0.001,nan
11.44761932505236,0.1660927428429826,0.0001212477022753773,0.073,18.816771488469602
11.44761932505236,0.20270175377286037,0.00014391824517873087,0.071,19.28125
11.44761932505236,0.24738982830203593,0.0001632772866793437,0.066,20.17752100840336
11.44761932505236,0.30194476813729665,0.00020230299465198875,0.067,19.990461401952082
11.44761932505236,0.36855237846453726,0.00023218799843265848,0.063,20.487340085287848
11.44761932505236,0.44988623776855974,0.00027443060503882144,0.061,20.74074074074074
11.44761932505236,0.5492182837010473,0.0003350231530576389,0.061,20.395039682539682
11.44761932505236,0.6705553170825551,0.000388922083907882,0.058,21.2758547008547
11.44761932505236,0.8188079075715171,0.0004257801119371889,0.052,21.647849462365592
11.44761932505236,1.0000000000000009,0.0004600000000000004,0.046,22.95808823529412
11.44761932505236,1.2215299319606077,0.0005741190680214856,0.047,22.88478260869565
11.44761932505236,1.4924968137923766,0.000701473502482417,0.047,23.34013605442177
11.44761932505236,1.8241106301397636,0.0008390908898642912,0.046,23.781680113906027
11.44761932505236,2.2302104956207325,0.001025896827985537,0.046,23.988095238095237
11.44761932505236,2.727923977002522,0.0012548450294211603,0.046,23.040206648697215
11.44761932505236,3.3385123976689135,0.0015357157029277002,0.046,23.32010785824345
11.44761932505236,4.0884642722309295,0.0018806935652262275,0.046,23.106685633001423
11.44761932505236,5.010924118203741,0.002355134335555758,0.047,23.17982456140351
11.44761932505236,6.147580998958779,0.0028278872595210417,0.046,23.489583333333336
11.44761932505236,7.551196869063537,0.003549062528459862,0.047,23.124054054054056
11.44761932505236,9.28903982013387,0.004365848715462921,0.047,23.110544217687078
11.44761932505236,11.44761932505236,0.005265904889524092,0.046,23.347036569987388
11.44761932505236,14.139329286890723,0.0005655731714756289,0.004,nan
11.44761932505236,17.511941266179853,0.0007004776506471941,0.004,nan
11.44761932505236,21.762444753190646,0.0008704977901276259,0.004,nan
11.44761932505236,27.157666449487493,0.00027157666449487497,0.001,nan
11.44761932505236,34.06571830144334,0.0003406571830144334,0.001,nan
14.139329286890723,0.1660927428429826,9.965564570578956e-05,0.06,20.57175925925926
14.139329286890723,0.20270175377286037,0.00012364806980144484,0.061,20.53968253968254
14.139329286890723,0.24738982830203593,0.00015461864268877246,0.0625,20.712155563306595
14.139329286890723,0.30194476813729665,0.0001600307271127672,0.053,21.4811294380766
14.139329286890723,0.36855237846453726,0.00019533276058620474,0.053,20.919581224114125
14.139329286890723,0.44988623776855974,0.00022494311888427988,0.05,21.6775956284153
14.139329286890723,0.5492182837010473,0.0002691169590135132,0.049,21.906883445945944
14.139329286890723,0.6705553170825551,0.0003151609990288009,0.047,21.861036789297657
14.139329286890723,0.8188079075715171,0.00032752316302860686,0.04,23.331101643335362
14.139329286890723,1.0000000000000009,0.00038000000000000035,0.038,24.43516761543327
14.139329286890723,1.2215299319606077,0.0004641813741450309,0.038,24.358974358974358
14.139329286890723,1.4924968137923766,0.0005671487892411031,0.038,24.553014553014556
14.139329286890723,1.8241106301397636,0.0006931620394531101,0.038,24.800387596899224
14.139329286890723,2.2302104956207325,0.0008474799883358784,0.038,24.204166666666666
14.139329286890723,2.727923977002522,0.0010366111112609583,0.038,24.243506493506494
14.139329286890723,3.3385123976689135,0.001268634711114187,0.038,24.5503663003663
14.139329286890723,4.0884642722309295,0.0015536164234477533,0.038,24.997619047619047
14.139329286890723,5.010924118203741,0.0019041511649174217,0.038,24.600796416127427
14.139329286890723,6.147580998958779,0.002305342874609544,0.0375,24.544117647058826
14.139329286890723,7.551196869063537,0.0027939428415535085,0.037,24.11979913916786
14.139329286890723,9.28903982013387,0.003529835131650871,0.038,24.245276162790695
14.139329286890723,11.44761932505236,0.004350095343519901,0.038,23.79987492182614
14.139329286890723,14.139329286890723,0.00537294512901847,0.038,24.35366388767003
14.139329286890723,17.511941266179853,0.00035023882532359707,0.002,nan
14.139329286890723,21.762444753190646,0.00043524889506381295,0.002,nan
14.139329286890723,27.157666449487493,0.0005431533289897499,0.002,nan
14.139329286890723,34.06571830144334,0.0003406571830144334,0.001,nan
17.511941266179853,0.1660927428429826,8.138544399306147e-05,0.049,23.574175824175825
17.511941266179853,0.20270175377286037,9.831035057983728e-05,0.0485,23.108796296296298
17.511941266179853,0.24738982830203593,0.00010637762616987545,0.043,22.781134856300664
17.511941266179853,0.30194476813729665,0.00012983625029903755,0.043,22.90994623655914
17.511941266179853,0.36855237846453726,0.00015479199895510564,0.042,23.03834498834499
17.511941266179853,0.44988623776855974,0.00017995449510742388,0.04,22.87904911180773
17.511941266179853,0.5492182837010473,0.00021419513064340845,0.039,22.70360237118103
17.511941266179853,0.6705553170825551,0.0002481054673205454,0.037,23.470129870129867
17.511941266179853,0.8188079075715171,0.0002538304513471703,0.031,26.0
17.511941266179853,1.0000000000000009,0.00031000000000000027,0.031,24.5
17.511941266179853,1.2215299319606077,0.00037867427890778837,0.031,26.010416666666664
17.511941266179853,1.4924968137923766,0.00047759898041356053,0.032,24.561789772727273
17.511941266179853,1.8241106301397636,0.0005837154016447244,0.032,25.09280303030303
17.511941266179853,2.2302104956207325,0.0006690631486862197,0.03,24.74322169059011
17.511941266179853,2.727923977002522,0.0008456564328707818,0.031,25.764742014742016
17.511941266179853,3.3385123976689135,0.001034938843277363,0.031,25.585638998682477
17.511941266179853,4.0884642722309295,0.0012674239243915882,0.031,24.743095930232556
17.511941266179853,5.010924118203741,0.0015533864766431598,0.031,25.706896551724135
17.511941266179853,6.147580998958779,0.0019057501096772216,0.031,25.755517826825127
17.511941266179853,7.551196869063537,0.0023408710294096965,0.031,24.877463054187192
17.511941266179853,9.28903982013387,0.0028796023442415,0.031,26.04905437352246
17.511941266179853,11.44761932505236,0.003606000087391496,0.0315,24.617857142857144
17.511941266179853,14.139329286890723,0.0043831920789361226,0.031,26.585470085470085
17.511941266179853,17.511941266179853,0.005603821205177553,0.032,25.797435897435896
17.511941266179853,21.762444753190646,0.00043524889506381295,0.002,nan
17.511941266179853,27.157666449487493,0.00027157666449487497,0.001,nan
17.511941266179853,34.06571830144334,0.0003406571830144334,0.001,nan
21.762444753190646,0.1660927428429826,6.643709713719304e-05,0.04,25.5742600422833
21.762444753190646,0.20270175377286037,8.108070150914415e-05,0.04,24.989583333333336
21.762444753190646,0.24738982830203593,8.658643990571258e-05,0.035,25.0
21.762444753190646,0.30194476813729665,0.00010266122116668086,0.034,26.23611111111111
21.762444753190646,0.36855237846453726,0.00012162228489329729,0.033,26.074656981436643
21.762444753190646,0.44988623776855974,0.00013946473370825353,0.031,27.258859357696565
21.762444753190646,0.5492182837010473,0.00017025766794732467,0.031,27.456575682382134
21.762444753190646,0.6705553170825551,0.00020116659512476654,0.03,26.896428571428572
21.762444753190646,0.8188079075715171,0.00021289005596859445,0.026,26.798006644518274
21.762444753190646,1.0000000000000009,0.00026000000000000025,0.026,26.563492063492063
21.762444753190646,1.2215299319606077,0.000317597782309758,0.026,26.435215946843854
21.762444753190646,1.4924968137923766,0.0003880491715860179,0.026,27.267857142857142
21.762444753190646,1.8241106301397636,0.00047426876383633855,0.026,26.344086021505376
21.762444753190646,2.2302104956207325,0.0005575526239051832,0.025,25.83074935400517
21.762444753190646,2.727923977002522,0.0007092602340206558,0.026,26.96551724137931
21.762444753190646,3.3385123976689135,0.0009013983473706066,0.027,26.579545454545453
21.762444753190646,4.0884642722309295,0.0010630007107800417,0.026,26.768067226890757
21.762444753190646,5.010924118203741,0.001277785650141954,0.025500000000000002,26.023809523809526
21.762444753190646,6.147580998958779,0.0015983710597292826,0.026,26.769736842105264
21.762444753190646,7.551196869063537,0.0019633111859565194,0.026,26.090073529411764
21.762444753190646,9.28903982013387,0.0024151503532348064,0.026,26.046739130434784
21.762444753190646,11.44761932505236,0.003090857217764139,0.027,25.375366568914956
21.762444753190646,14.139329286890723,0.003676225614591588,0.026,26.873015873015873
21.762444753190646,17.511941266179853,0.0045531047292067615,0.026,26.32304900181488
21.762444753190646,21.762444753190646,0.005658235635829568,0.026,26.222826086956523
21.762444753190646,27.157666449487493,0.00027157666449487497,0.001,nan
21.762444753190646,34.06571830144334,0.0003406571830144334,0.001,nan
27.157666449487493,0.1660927428429826,4.318411313917547e-05,0.026,25.416071428571428
27.157666449487493,0.20270175377286037,5.2702455980943695e-05,0.026,nan
27.157666449487493,0.24738982830203593,6.555830450003952e-05,0.0265,26.4
27.157666449487493,0.30194476813729665,7.548619203432417e-05,0.025,23.4901185770751
27.157666449487493,0.36855237846453726,9.582361840077969e-05,0.026,24.729411764705883
27.157666449487493,0.44988623776855974,0.00010797269706445434,0.024,23.796052631578945
27.157666449487493,0.5492182837010473,0.00013730457092526183,0.025,nan
27.157666449487493,0.6705553170825551,0.00017434438244146432,0.026,25.00925925925926
27.157666449487493,0.8188079075715171,0.0001965138978171641,0.024,25.162337662337663
27.157666449487493,1.0000000000000009,0.0002100000000000002,0.021,25.41794871794872
27.157666449487493,1.2215299319606077,0.0002687365850313337,0.022,26.830459770114942
27.157666449487493,1.4924968137923766,0.0003283492990343229,0.022,26.206653225806452
27.157666449487493,1.8241106301397636,0.00038306323232935037,0.021,nan
27.157666449487493,2.2302104956207325,0.00046834420408035384,0.021,25.628289473684212
27.157666449487493,2.727923977002522,0.0006001432749405548,0.022,nan
27.157666449487493,3.3385123976689135,0.0007010876035104718,0.021,26.04380952380952
27.157666449487493,4.0884642722309295,0.0008585774971684952,0.021,25.448028673835125
27.157666449487493,5.010924118203741,0.0010522940648227857,0.021,26.683333333333334
27.157666449487493,6.147580998958779,0.0012909920097813436,0.021,26.016666666666666
27.157666449487493,7.551196869063537,0.0015857513425033428,0.021,27.854621848739498
27.157666449487493,9.28903982013387,0.0019506983622281128,0.021,25.79614604462475
27.157666449487493,11.44761932505236,0.00251847625151152,0.022,24.8
27.157666449487493,14.139329286890723,0.002969259150247052,0.021,26.366666666666667
27.157666449487493,17.511941266179853,0.003677507665897769,0.021,25.84722222222222
27.157666449487493,21.762444753190646,0.004787737845701942,0.022,nan
27.157666449487493,27.157666449487493,0.005703109954392371,0.021,27.157738095238095
27.157666449487493,34.06571830144334,0.0003406571830144334,0.001,nan
34.06571830144334,0.1660927428429826,3.8201330853886e-05,0.023,nan
34.06571830144334,0.20270175377286037,4.662140336775788e-05,0.023,nan
34.06571830144334,0.24738982830203593,5.6899660509468265e-05,0.023,nan
34.06571830144334,0.30194476813729665,6.944729667157823e-05,0.023,nan
34.06571830144334,0.36855237846453726,8.845257083148894e-05,0.024,29.750967741935483
34.06571830144334,0.44988623776855974,0.00011022212825329713,0.0245,nan
34.06571830144334,0.5492182837010473,9.885929106618851e-05,0.018,nan
34.06571830144334,0.6705553170825551,0.00012069995707485992,0.018,27.20344827586207
34.06571830144334,0.8188079075715171,0.0001473854233628731,0.018,nan
34.06571830144334,1.0000000000000009,0.00018000000000000015,0.018,24.391203703703702
34.06571830144334,1.2215299319606077,0.0002198753877529094,0.018,nan
34.06571830144334,1.4924968137923766,0.0002686494264826278,0.018,nan
34.06571830144334,1.8241106301397636,0.0003283399134251574,0.018,nan
34.06571830144334,2.2302104956207325,0.00040143788921173185,0.018,nan
34.06571830144334,2.727923977002522,0.000491026315860454,0.018,nan
34.06571830144334,3.3385123976689135,0.0006009322315804045,0.018,nan
34.06571830144334,4.0884642722309295,0.0007768082117238766,0.019,nan
34.06571830144334,5.010924118203741,0.0009520755824587109,0.019,nan
34.06571830144334,6.147580998958779,0.0011065645798125803,0.018,nan
34.06571830144334,7.551196869063537,0.0012837034677408011,0.017,25.94987468671679
34.06571830144334,9.28903982013387,0.0016720271676240967,0.018,nan
34.06571830144334,11.44761932505236,0.002060571478509425,0.018,nan
34.06571830144334,14.139329286890723,0.00254507927164033,0.018,nan
34.06571830144334,17.511941266179853,0.0031521494279123734,0.018,nan
34.06571830144334,21.762444753190646,0.003917240055574317,0.018,nan
34.06571830144334,27.157666449487493,0.004888379960907747,0.018,nan
34.06571830144334,34.06571830144334,0.006131829294259799,0.018,nan
